id,portal,cargo,empresa,ciudad,publicada,salario,url,fuente_busqueda,encontrada
pandape-13728818,pandape,Ingeniero agrónomo Comercial experiencia en Palma Zona Norte,Cenipalma,Valledupar,25 sept.,5.000.000 $,https://cenipalma.pandape.computrabajo.com/Detail/13728818,cenipalma,2026-09-27 12:12
pandape-13697760,pandape,Analista de laboratorio,Cenipalma,"Bogotá, D.C.",22 sept.,2.448.111 $,https://cenipalma.pandape.computrabajo.com/Detail/13697760,cenipalma,2026-09-27 12:12
pandape-13683596,pandape,Analista de Innovación,Cenipalma,"Bogotá, D.C.",21 sept.,4.000.000 $ - 4.500.000 $,https://cenipalma.pandape.computrabajo.com/Detail/13683596,cenipalma,2026-09-27 12:12
pandape-13658966,pandape,Analista de inteligencia de mercados,Cenipalma,"Bogotá, D.C.",17 sept.,4.000.000 $ - 5.000.000 $,https://cenipalma.pandape.computrabajo.com/Detail/13658966,cenipalma,2026-09-27 12:12
pandape-13223268,pandape,"Analista de Comunicaciones para laborar en Llanos: Meta, Casanaré y Vichada",Cenipalma,Restrepo,05 ago.,3.000.000 $ - 3.500.000 $,https://cenipalma.pandape.computrabajo.com/Detail/13223268,cenipalma,2026-09-27 12:12
pandape-13212415,pandape,Asistente de pagos,Cenipalma,"Bogotá, D.C.",04 ago.,2.600.000 $ - 2.700.000 $,https://cenipalma.pandape.computrabajo.com/Detail/13212415,cenipalma,2026-09-27 12:12
pandape-13153779,pandape,Auxiliar de Extensión I Gestor Para laborar en Zona Central Sur del Santander,Cenipalma,Sabana de Torres,28 jul.,3.500.000 $ - 4.000.000 $,https://cenipalma.pandape.computrabajo.com/Detail/13153779,cenipalma,2026-09-27 12:12
pandape-12295221,pandape,Asistente de Extensión II Enfoque Fitosanitario Para laborar en Zona Suroccidental Tumaco,Cenipalma,Tumaco,10 jun.,4.500.000 $ - 5.000.000 $,https://cenipalma.pandape.computrabajo.com/Detail/12295221,cenipalma,2026-09-27 12:12
pandape-12497696,pandape,Tecnòlogo de extensiòn sanitaria de palma de aceite,Cenipalma,Montería,09 may.,,https://cenipalma.pandape.computrabajo.com/Detail/12497696,cenipalma,2026-09-27 12:12
pandape-12294855,pandape,Asistente de Extensión II Enfoque Agronómico Para laborar en Zona Suroccidental Tumaco y alrededores,Cenipalma,Tumaco,14 abr.,4.500.000 $ - 5.000.000 $,https://cenipalma.pandape.computrabajo.com/Detail/12294855,cenipalma,2026-09-27 12:12
pandape-12289937,pandape,Auxiliar de Extensión I Gestor Para laborar en Zona Central Magdlena medio,Cenipalma,San Pablo,14 abr.,3.500.000 $ - 4.000.000 $,https://cenipalma.pandape.computrabajo.com/Detail/12289937,cenipalma,2026-09-27 12:12
pandape-12289700,pandape,Auxiliar de Extensión I Gestor Para laborar en Zona Central Catatumbo,Cenipalma,Tibú,14 abr.,3.500.000 $ - 4.000.000 $,https://cenipalma.pandape.computrabajo.com/Detail/12289700,cenipalma,2026-09-27 12:12
pandape-12289517,pandape,Auxiliar de Extensión I Gestor Para laborar en Zona Suroccidental Tumaco y alrededores,Cenipalma,Tumaco,14 abr.,3.500.000 $ - 4.000.000 $,https://cenipalma.pandape.computrabajo.com/Detail/12289517,cenipalma,2026-09-27 12:12
pandape-12285457,pandape,Auxiliar de Extensión I Gestor Para laborar en Zona Norte Urabá Antioqueño y Límite con Chocó,Cenipalma,Carepa,14 abr.,3.500.000 $ - 4.000.000 $,https://cenipalma.pandape.computrabajo.com/Detail/12285457,cenipalma,2026-09-27 12:12
pandape-12282026,pandape,Asistente de Extensión II Enfoque Agronómico Para laborar en Zona Central Catatumbo,Cenipalma,Tibú,13 abr.,4.500.000 $ - 5.000.000 $,https://cenipalma.pandape.computrabajo.com/Detail/12282026,cenipalma,2026-09-27 12:12
pandape-10614651,pandape,Asistente de investigación I,Cenipalma,Barrancabermeja,18 sept.,6.000.000 $ - 6.400.000 $,https://cenipalma.pandape.computrabajo.com/Detail/10614651,cenipalma,2026-09-27 12:12
pandape-10614342,pandape,Responsable comercial de Tecnopalma,Cenipalma,"Bogotá, D.C.",18 sept.,,https://cenipalma.pandape.computrabajo.com/Detail/10614342,cenipalma,2026-09-27 12:12
pandape-10164475,pandape,Ingeniero Agrónomo,Cenipalma,Tumaco,29 jul.,,https://cenipalma.pandape.computrabajo.com/Detail/10164475,cenipalma,2026-09-27 12:12
pandape-9959275,pandape,Ejecutivo de Ventas Representante Técnico Comercial Productos Insumos Agrícolas,Cenipalma,"Bogotá, D.C.",03 jul.,3.500.000 $ - 4.500.000 $,https://cenipalma.pandape.computrabajo.com/Detail/9959275,cenipalma,2026-09-27 12:12
pandape-13706919,pandape,Analista Contable Tesorería,Poligrow,"Bogotá, D.C.",23 sept.,3.000.000 $ - 3.126.000 $,https://poligrow-colombia.pandape.computrabajo.com/Detail/13706919,poligrow,2026-09-27 12:12
pandape-13601874,pandape,Supervisor de Mantenimiento Planta extractora,Poligrow,Villavicencio,15 sept.,3.400.000 $ - 3.450.000 $,https://poligrow-colombia.pandape.computrabajo.com/Detail/13601874,poligrow,2026-09-27 12:12
pandape-13142332,pandape,Analista de Sostenibilidad,Poligrow,"Bogotá, D.C.",27 jul.,3.000.000 $ - 3.100.000 $,https://poligrow-colombia.pandape.computrabajo.com/Detail/13142332,poligrow,2026-09-27 12:12
computrabajo-22bfb2b726bf70ab,computrabajo,Desarrollista,Semillas Arroyave S.A.,"Bogotá, D.C., Bogotá, D.C.",Hace 4 días,"$ 3.499.964,00 (Mensual)",https://co.computrabajo.com/ofertas-de-trabajo/oferta-de-trabajo-de-desarrollista-ingeniero-agronomo-en-bogota-dc-22BFB2B726BF70AB61373E686DCF3405,trabajo-de-ingeniero-agronomo?pubdate=7 | trabajo-de-agronomo?pubdate=7 | trabajo-de-agroquimicos?pubdate=7 | trabajo-de-semillas?pubdate=7 | trabajo-de-ingeniero-agronomo | trabajo-de-agronomo,2026-09-27 12:12
computrabajo-b6e4aa7c2a7bb14d,computrabajo,Ingeniero agrónomo,Importante empresa del sector,"Funza, Cundinamarca",Hace 5 días,"$ 3.500.000,00 (Mensual)",https://co.computrabajo.com/ofertas-de-trabajo/oferta-de-trabajo-de-ingeniero-agronomo-sector-floricultor-en-funza-B6E4AA7C2A7BB14D61373E686DCF3405,trabajo-de-ingeniero-agronomo?pubdate=7 | trabajo-de-agronomo?pubdate=7 | trabajo-de-ingeniero-agronomo | trabajo-de-agronomo,2026-09-27 12:12
computrabajo-a1b8f2dfdbfcf612,computrabajo,Ingeniero agrónomo,Santerra de colombia sas,"Bello, Antioquia",Hace 5 días,,https://co.computrabajo.com/ofertas-de-trabajo/oferta-de-trabajo-de-ingeniero-agronomo-en-bello-A1B8F2DFDBFCF61261373E686DCF3405,trabajo-de-ingeniero-agronomo?pubdate=7 | trabajo-de-agronomo?pubdate=7 | trabajo-de-ingeniero-agronomo | trabajo-de-agronomo,2026-09-27 12:12
computrabajo-e5509c85f1cbb0fe,computrabajo,Ingeniero de Finca – Especialista en Berries,Global SAS,"Mosquera, Cundinamarca",Hace 3 días,,https://co.computrabajo.com/ofertas-de-trabajo/oferta-de-trabajo-de-ingeniero-de-finca-especialista-en-berries-mosquera-madrid-funza-facatativa-en-mosquera-E5509C85F1CBB0FE61373E686DCF3405,trabajo-de-ingeniero-agronomo?pubdate=7 | trabajo-de-agronomo?pubdate=7 | trabajo-de-ingeniero-agronomo | trabajo-de-agronomo,2026-09-27 12:12
computrabajo-09f69144ef664800,computrabajo,Agrónomo,Gi Group Colombia,"Cali, Valle del Cauca",Hace 4 días,"$ 2.900.000,00 (Mensual)",https://co.computrabajo.com/ofertas-de-trabajo/oferta-de-trabajo-de-agronomo-en-cali-09F69144EF66480061373E686DCF3405,trabajo-de-ingeniero-agronomo?pubdate=7 | trabajo-de-agronomo?pubdate=7 | trabajo-de-ingeniero-agronomo | trabajo-de-agronomo,2026-09-27 12:12
computrabajo-0c0342a8241bc7ec,computrabajo,Coordinador/a de campo para Urabá,Importante empresa del sector agrícola,"Apartadó, Antioquia",Hace 6 días,,https://co.computrabajo.com/ofertas-de-trabajo/oferta-de-trabajo-de-coordinadora-de-campo-para-uraba-en-apartado-0C0342A8241BC7EC61373E686DCF3405,trabajo-de-administrador-agropecuario?pubdate=7 | trabajo-de-administrador-agricola?pubdate=7 | trabajo-de-jefe-agricola?pubdate=7 | trabajo-de-coordinador-agricola?pubdate=7 | trabajo-de-director-agricola?pubdate=7 | trabajo-de-administrador-agropecuario | trabajo-de-director-agricola,2026-09-27 12:12
computrabajo-139fc9a1db1463dc,computrabajo,Director comercial,INTEGRATIVA AGROPECUARIA S.A.S.,"Pereira, Risaralda",Hace 6 días,"$ 4.263.882,00 (Mensual) + Comisiones",https://co.computrabajo.com/ofertas-de-trabajo/oferta-de-trabajo-de-director-comercial-en-pereira-139FC9A1DB1463DC61373E686DCF3405,trabajo-de-administrador-agropecuario?pubdate=7 | trabajo-de-administrador-agropecuario,2026-09-27 12:12
computrabajo-52b15a2429e28c7c,computrabajo,Coordinador de Taller Agricola (ingeniero Mecanico),AGROTRANSPORTES DEL CAUCA ZOMAC S.A.S.,"Florida, Valle del Cauca",Hace 4 días,,https://co.computrabajo.com/ofertas-de-trabajo/oferta-de-trabajo-de-coordinador-de-taller-agricola-ingeniero-mecanico-en-florida-52B15A2429E28C7C61373E686DCF3405,trabajo-de-administrador-agricola?pubdate=7 | trabajo-de-jefe-agricola?pubdate=7 | trabajo-de-coordinador-agricola?pubdate=7 | trabajo-de-director-agricola?pubdate=7 | trabajo-de-director-agricola,2026-09-27 12:12
computrabajo-47fd04ea8507d146,computrabajo,Administrador de finca bananera para Urabá,Importante empresa del sector agrícola,"Apartadó, Antioquia",Hace 6 días,,https://co.computrabajo.com/ofertas-de-trabajo/oferta-de-trabajo-de-administrador-de-finca-bananera-para-uraba-en-apartado-47FD04EA8507D14661373E686DCF3405,trabajo-de-administrador-agricola?pubdate=7 | trabajo-de-administrador-de-finca?pubdate=7 | trabajo-de-jefe-agricola?pubdate=7 | trabajo-de-coordinador-agricola?pubdate=7 | trabajo-de-director-agricola?pubdate=7 | trabajo-de-director-agricola,2026-09-27 12:12
computrabajo-18fe6e0cc7c64a0f,computrabajo,Administrador de Finca en pareja / Madrid,Agencia de Empleo Cafam,"Madrid, Cundinamarca",Hace 5 días,"$ 2.500.000,00 (Mensual)",https://co.computrabajo.com/ofertas-de-trabajo/oferta-de-trabajo-de-administrador-de-finca-en-pareja-madrid-en-madrid-18FE6E0CC7C64A0F61373E686DCF3405,trabajo-de-administrador-de-finca?pubdate=7,2026-09-27 12:12
computrabajo-d185324d57f6da54,computrabajo,Gestor de incidencias / Analista de mantenimientos / reparaciones sector finca raiz,Importante empresa del sector,"Bogotá, D.C., Bogotá, D.C.",Hace 5 días,"$ 1.750.905,00 (Mensual)",https://co.computrabajo.com/ofertas-de-trabajo/oferta-de-trabajo-de-gestor-de-incidencias-analista-de-mantenimientos-reparaciones-sector-finca-raiz-bogota-urgente-en-bogota-dc-D185324D57F6DA5461373E686DCF3405,trabajo-de-administrador-de-finca?pubdate=7,2026-09-27 12:12
computrabajo-2795e8b8d5b0cc5d,computrabajo,Coordinador(a) de Producción Agrícola,GENTE UTIL S.A.,"Lebrija, Santander",Hace 5 días,,https://co.computrabajo.com/ofertas-de-trabajo/oferta-de-trabajo-de-coordinadora-de-produccion-agricola-lebrija-en-lebrija-2795E8B8D5B0CC5D61373E686DCF3405,trabajo-de-coordinador-agricola?pubdate=7 | trabajo-de-palma?pubdate=7,2026-09-27 12:12
computrabajo-ace1fe7738d8075e,computrabajo,Reclutador de Personal / Sector Agrícola o Palmeras / Con Moto,Supernumerarios S.A.S,"San Martín, Meta",Hace 4 días,,https://co.computrabajo.com/ofertas-de-trabajo/oferta-de-trabajo-de-reclutador-de-personal-sector-agricola-o-palmeras-con-moto-san-martin-en-san-martin-ACE1FE7738D8075E61373E686DCF3405,trabajo-de-palma?pubdate=7 | trabajo-de-agricola-en-meta?pubdate=15 | trabajo-de-palma-en-meta?pubdate=15,2026-09-27 12:12
computrabajo-627c7aa976ab2aac,computrabajo,Coordinardor de Logistica y Transporte,AGROINSUMOS SAN MIGUEL SAS,"Facatativá, Cundinamarca",Hace 6 días,"$ 2.800.000,00 (Mensual)",https://co.computrabajo.com/ofertas-de-trabajo/oferta-de-trabajo-de-coordinardor-de-logistica-y-transporte-coordinador-de-logistica-y-transporte-en-facatativa-627C7AA976AB2AAC61373E686DCF3405,trabajo-de-agroinsumos?pubdate=7,2026-09-27 12:12
computrabajo-b11603c0e7e37597,computrabajo,Ejecutivo de Cuenta / KAM Horeca,Arroz Federal,"Medellín, Antioquia",Ayer,"$ 6.000.000,00 (Mensual)",https://co.computrabajo.com/ofertas-de-trabajo/oferta-de-trabajo-de-ejecutivo-de-cuenta-kam-horeca-en-medellin-B11603C0E7E3759761373E686DCF3405,trabajo-de-arroz?pubdate=7,2026-09-27 12:12
computrabajo-faa9590d9c5b6a65,computrabajo,Ejecutivo de Cuenta / KAM Food service,Arroz Federal,"Medellín, Antioquia",Ayer,"$ 6.000.000,00 (Mensual)",https://co.computrabajo.com/ofertas-de-trabajo/oferta-de-trabajo-de-ejecutivo-de-cuenta-kam-food-service-en-medellin-FAA9590D9C5B6A6561373E686DCF3405,trabajo-de-arroz?pubdate=7,2026-09-27 12:12
computrabajo-01a2bcec801ea562,computrabajo,Auditor de procesos agonomicos en sector de palma Agronomo profesional,MULTISOLUCIONES A&A SAS,"Maní, Casanare",Hace 5 días,"$ 5.042.544,00 (Mensual)",https://co.computrabajo.com/ofertas-de-trabajo/oferta-de-trabajo-de-auditor-de-procesos-agonomicos-en-sector-de-palma-agronomo-profesional-para-mani-casanare-en-mani-01A2BCEC801EA56261373E686DCF3405,trabajo-de-agronomo-en-casanare?pubdate=15 | trabajo-de-agricola-en-casanare?pubdate=15 | trabajo-de-palma-en-casanare?pubdate=15 | trabajo-de-agronomo | trabajo-de-agronomo-en-casanare,2026-09-27 12:12
computrabajo-7a19fe25efd99ab6,computrabajo,Supervisor en Cultivos de Palma,empresa de Control Fitosanitario en Palma,"Yopal, Casanare",Hace 3 días,"$ 2.050.000,00 (Mensual) + Comisiones",https://co.computrabajo.com/ofertas-de-trabajo/oferta-de-trabajo-de-supervisor-en-cultivos-de-palma-yopal-mani-y-sus-alrededores-en-yopal-7A19FE25EFD99AB661373E686DCF3405,trabajo-de-agricola-en-casanare?pubdate=15 | trabajo-de-palma-en-casanare?pubdate=15 | trabajo-de-director-agricola,2026-09-27 12:12
computrabajo-514e14965ccaa040,computrabajo,Consultor Comercial Maquinaria Agrícola,Eficacia,"Villavicencio, Meta",Hace 5 días,,https://co.computrabajo.com/ofertas-de-trabajo/oferta-de-trabajo-de-consultor-comercial-maquinaria-agricola-en-villavicencio-514E14965CCAA04061373E686DCF3405,trabajo-de-agricola-en-meta?pubdate=15,2026-09-27 12:12
computrabajo-6b5f0d2e07fa4863,computrabajo,"Coordinador Comercial Agrícola, Costa",Importante empresa del sector,"Valledupar, Cesar",Ayer,,https://co.computrabajo.com/ofertas-de-trabajo/oferta-de-trabajo-de-coordinador-comercial-agricola-costa-en-valledupar-6B5F0D2E07FA486361373E686DCF3405,trabajo-de-agricola-en-cesar?pubdate=15 | trabajo-de-administrador-agropecuario | trabajo-de-director-agricola,2026-09-27 12:12
computrabajo-acae347d9037d1b4,computrabajo,ingeniero agrónomo,Importante empresa del sector Agricola,"Bogotá, D.C., Bogotá, D.C.",Hace 7 horas,,https://co.computrabajo.com/ofertas-de-trabajo/oferta-de-trabajo-de-ingeniero-agronomo-2-anos-de-experiencia-en-manejo-de-cultivos-en-bogota-dc-ACAE347D9037D1B461373E686DCF3405,trabajo-de-ingeniero-agronomo | trabajo-de-agronomo,2026-09-27 12:12
computrabajo-85fc4ee849e9741e,computrabajo,ingeniero agrónomo,TEMPORARIOS S.A,"Neiva, Huila",Ayer,"$ 2.900.000,00 (Mensual)",https://co.computrabajo.com/ofertas-de-trabajo/oferta-de-trabajo-de-ingeniero-agronomo-cafe-en-neiva-85FC4EE849E9741E61373E686DCF3405,trabajo-de-ingeniero-agronomo | trabajo-de-agronomo,2026-09-27 12:12
computrabajo-0f655c2995716c24,computrabajo,Ingeniero Agrónomo,Proservis,"Ipiales, Nariño",Hace 6 días,"$ 8.252.000,00 (Mensual)",https://co.computrabajo.com/ofertas-de-trabajo/oferta-de-trabajo-de-ingeniero-agronomo-area-planeacion-en-ipiales-0F655C2995716C2461373E686DCF3405,trabajo-de-ingeniero-agronomo | trabajo-de-agronomo,2026-09-27 12:12
computrabajo-089fba6d90f69fa0,computrabajo,ingeniero agrónomo,CICO CONSTRUCCIONES,"Cubarral, Meta",16 de septiembre,"$ 2.600.000,00 (Mensual)",https://co.computrabajo.com/ofertas-de-trabajo/oferta-de-trabajo-de-ingeniero-agronomo-en-cubarral-089FBA6D90F69FA061373E686DCF3405,trabajo-de-ingeniero-agronomo | trabajo-de-agronomo | trabajo-de-ingeniero-agronomo-en-meta | trabajo-de-agronomo-en-meta,2026-09-27 12:12
computrabajo-829f943fe736984d,computrabajo,Ingeniero Agrónomo,TECH INDUSTRIES SAS,"Bogotá, D.C., Bogotá, D.C.",Más de 30 días,"$ 3.300.000,00 (Mensual) + Comisiones",https://co.computrabajo.com/ofertas-de-trabajo/oferta-de-trabajo-de-ingeniero-agronomo-cultivos-de-alto-valor-en-bogota-dc-829F943FE736984D61373E686DCF3405,trabajo-de-ingeniero-agronomo | trabajo-de-agronomo,2026-09-27 12:12
computrabajo-f95e769f389ce22f,computrabajo,Promotor Comercial,Compañía del sector agroindustrial,"Bogotá, D.C., Bogotá, D.C.",Ayer,"$ 2.100.000,00 (Mensual) + Comisiones",https://co.computrabajo.com/ofertas-de-trabajo/oferta-de-trabajo-de-promotor-comercial-zona-oriente-usme-une-caqueza-chipaque-en-bogota-dc-F95E769F389CE22F61373E686DCF3405,trabajo-de-ingeniero-agronomo | trabajo-de-agronomo,2026-09-27 12:12
computrabajo-76359313b4d1a7b8,computrabajo,¡Oferta laboral! Representante técnico comercial,Colinagro S.A,"Sonsón, Antioquia",Hace 3 días,"$ 3.000.000,00 (Mensual)",https://co.computrabajo.com/ofertas-de-trabajo/oferta-de-trabajo-de-oferta-laboral-representante-tecnico-comercial-sonson-en-sonson-76359313B4D1A7B861373E686DCF3405,trabajo-de-ingeniero-agronomo | trabajo-de-agronomo,2026-09-27 12:12
computrabajo-080f161090ea5798,computrabajo,Agrónomo Analista Operativo,Importante empresa del sector,"Abejorral, Antioquia",Hace 6 días,,https://co.computrabajo.com/ofertas-de-trabajo/oferta-de-trabajo-de-agronomo-analista-operativo-en-abejorral-080F161090EA579861373E686DCF3405,trabajo-de-agronomo,2026-09-27 12:12
computrabajo-cc65621f84aba941,computrabajo,Agrónomo Coordinador Operativo de Campo,Importante empresa del sector,"Sonsón, Antioquia",Hace 6 días,,https://co.computrabajo.com/ofertas-de-trabajo/oferta-de-trabajo-de-agronomo-coordinador-operativo-de-campo-en-sonson-CC65621F84ABA94161373E686DCF3405,trabajo-de-agronomo | trabajo-de-director-agricola,2026-09-27 12:12
computrabajo-6ae2116b42cedb3c,computrabajo,Representante Técnico Comercial – Antioquia,POINT DE COLOMBIA SOCIEDAD POR ACCIONES SIMPLIFICADA,"Rionegro, Antioquia",Hace 5 días,"$ 3.216.000,00 (Mensual) + Comisiones",https://co.computrabajo.com/ofertas-de-trabajo/oferta-de-trabajo-de-representante-tecnico-comercial-antioquia-en-rionegro-6AE2116B42CEDB3C61373E686DCF3405,trabajo-de-agronomo,2026-09-27 12:12
computrabajo-f0eb3d1a2f497198,computrabajo,Representante Técnico Comercial – Antioquia norte,POINT DE COLOMBIA SOCIEDAD POR ACCIONES SIMPLIFICADA,"San Pedro de los Milagros, Antioquia",Hace 5 días,"$ 3.216.060,00 (Mensual) + Comisiones",https://co.computrabajo.com/ofertas-de-trabajo/oferta-de-trabajo-de-representante-tecnico-comercial-antioquia-norte-en-san-pedro-de-los-milagros-F0EB3D1A2F49719861373E686DCF3405,trabajo-de-agronomo,2026-09-27 12:12
computrabajo-8e5f49fda3b75744,computrabajo,Administrador de empresas agropecuarias,Santerra de colombia sas,"Bello, Antioquia",Ayer,,https://co.computrabajo.com/ofertas-de-trabajo/oferta-de-trabajo-de-administrador-de-empresas-agropecuarias-en-bello-8E5F49FDA3B7574461373E686DCF3405,trabajo-de-administrador-agropecuario | trabajo-de-director-agricola,2026-09-27 12:12
computrabajo-e19507943782046f,computrabajo,Lider de Proyectos Agricolas,Importante empresa del sector,"Lebrija, Santander",Ayer,,https://co.computrabajo.com/ofertas-de-trabajo/oferta-de-trabajo-de-lider-de-proyectos-agricolas-lebrija-en-lebrija-E19507943782046F61373E686DCF3405,trabajo-de-administrador-agropecuario | trabajo-de-director-agricola,2026-09-27 12:12
computrabajo-97f4d82b80081b9d,computrabajo,Coordinador(a) de Proyectos Agrícolas,GENTE UTIL S.A.,"Bucaramanga, Santander",Hace 6 días,,https://co.computrabajo.com/ofertas-de-trabajo/oferta-de-trabajo-de-coordinadora-de-proyectos-agricolas-lebrija-en-bucaramanga-97F4D82B80081B9D61373E686DCF3405,trabajo-de-administrador-agropecuario | trabajo-de-director-agricola,2026-09-27 12:12
computrabajo-3aa9f452ceb13a5a,computrabajo,Administrador agroindustrial,GENTE UTIL S.A.,"Lebrija, Santander",Hace 6 días,,https://co.computrabajo.com/ofertas-de-trabajo/oferta-de-trabajo-de-administrador-agroindustrial-lebrija-en-lebrija-3AA9F452CEB13A5A61373E686DCF3405,trabajo-de-administrador-agropecuario | trabajo-de-director-agricola,2026-09-27 12:12
computrabajo-ea2a330f486f1ed6,computrabajo,Director Agricola,Global SAS,"Madrid, Cundinamarca",Hace 2 días,,https://co.computrabajo.com/ofertas-de-trabajo/oferta-de-trabajo-de-director-agricola-madrid-el-rosal-la-punta-en-madrid-EA2A330F486F1ED661373E686DCF3405,trabajo-de-director-agricola,2026-09-27 12:12
computrabajo-7d1c2d2002f164a6,computrabajo,Líder Agrícola,GENTE UTIL S.A.,"Bucaramanga, Santander",Hace 6 días,,https://co.computrabajo.com/ofertas-de-trabajo/oferta-de-trabajo-de-lider-agricola-lebrija-en-bucaramanga-7D1C2D2002F164A661373E686DCF3405,trabajo-de-director-agricola,2026-09-27 12:12
computrabajo-35a2b695b7f5d35b,computrabajo,Coordinador (a) Comercial,Agricola Automotriz S.A.S,"Cali, Valle del Cauca",Hace 7 horas,,https://co.computrabajo.com/ofertas-de-trabajo/oferta-de-trabajo-de-coordinador-a-comercial-en-cali-35A2B695B7F5D35B61373E686DCF3405,trabajo-de-director-agricola,2026-09-27 12:12
computrabajo-0b094b548d836ecb,computrabajo,Agropecuario,Porcicola líder de Colombia,"Bogotá, D.C., Bogotá, D.C.",Más de 30 días,,https://co.computrabajo.com/ofertas-de-trabajo/oferta-de-trabajo-de-agropecuario-tecnico-y-profesional-en-bogota-dc-0B094B548D836ECB61373E686DCF3405,trabajo-de-director-agricola,2026-09-27 12:12
elempleo-1886771490,elempleo,Representante tecnico comercial - ingeniero agronomo lugar de trabajo santander,ACEPALMA,Bucaramanga,23 Sep 2026,Salario confidencial,https://www.elempleo.com/co/ofertas-trabajo/representante-tecnico-comercial-ingeniero-agronomo-lugar-de-trabajo-santander-1886771490,trabajo-ingeniero-agronomo | trabajo-agronomo | trabajo-agricola,2026-09-27 12:12
elempleo-1886770975,elempleo,Asesor comercial - ingeniero agronomo - manejo de drones (tolima),Empresa confidencial,Bogotá,23 Sep 2026,Salario confidencial,https://www.elempleo.com/co/ofertas-trabajo/asesor-comercial-ingeniero-agronomo-manejo-de-drones-tolima-1886770975,trabajo-ingeniero-agronomo | trabajo-agronomo | trabajo-agricola,2026-09-27 12:12
elempleo-1886769792,elempleo,Extensionista cundinamarca,Empresa confidencial,Bogotá alrededores,21 Sep 2026,Salario confidencial,https://www.elempleo.com/co/ofertas-trabajo/extensionista-cundinamarca-1886769792,trabajo-ingeniero-agronomo | trabajo-agronomo,2026-09-27 12:12
elempleo-1886767825,elempleo,Extensionista risaralda,Empresa confidencial,Pereira,16 Sep 2026,"$3,5 a $4 millones",https://www.elempleo.com/co/ofertas-trabajo/extensionista-risaralda-1886767825,trabajo-ingeniero-agronomo,2026-09-27 12:12
elempleo-1886769884,elempleo,Administrador agropecuario,PUNTA DE GARZAS INVERSIONES FORESTALES,Cumaribo,21 Sep 2026,"$2 a $2,5 millones",https://www.elempleo.com/co/ofertas-trabajo/administrador-agropecuario-1886769884,trabajo-administrador-agropecuario,2026-09-27 12:12
elempleo-1886766819,elempleo,Administrador agropecuario,inversiones cravo sur sas,Orocué,14 Sep 2026,"$2,5 a $3 millones",https://www.elempleo.com/co/ofertas-trabajo/administrador-agropecuario-1886766819,trabajo-administrador-agropecuario,2026-09-27 12:12
elempleo-1886769158,elempleo,Gerente general,Empresa confidencial,Bogotá,18 Sep 2026,Más de $21 millones,https://www.elempleo.com/co/ofertas-trabajo/gerente-general-1886769158,trabajo-administrador-agropecuario,2026-09-27 12:12
elempleo-1886770580,elempleo,Ejecutivo comercial (ferretería y agropecuario),SERO SAS,Bogotá,22 Sep 2026,"$3 a $3,5 millones",https://www.elempleo.com/co/ofertas-trabajo/ejecutivo-comercial-ferreteria-y-agropecuario-1886770580,trabajo-administrador-agropecuario,2026-09-27 12:12
elempleo-1886768649,elempleo,Profesional en proceso administrativos agropecuarios,TEMPORIZAR SERVICIOS TEMPORALES SAS,Bogotá,17 Sep 2026,"$3 a $3,5 millones",https://www.elempleo.com/co/ofertas-trabajo/profesional-en-proceso-administrativos-agropecuarios-1886768649,trabajo-administrador-agropecuario,2026-09-27 12:12
elempleo-1886766096,elempleo,Gerente de nuevos negocios,Empresa confidencial,Bogotá,12 Sep 2026,Salario confidencial,https://www.elempleo.com/co/ofertas-trabajo/gerente-de-nuevos-negocios-1886766096,trabajo-palma,2026-09-27 12:12
elempleo-1886766764,elempleo,Jefe de mantenimiento taller agrícola tumaco,Empresa confidencial,Tumaco,14 Sep 2026,"$5,5 a $6 millones",https://www.elempleo.com/co/ofertas-trabajo/jefe-de-mantenimiento-taller-agricola-tumaco-1886766764,trabajo-palma | trabajo-agricola,2026-09-27 12:12
linkedin-4469056493,linkedin,Asesor técnico comercial,Netafim,"Valledupar, Cesar, Colombia",2026-09-22,,https://www.linkedin.com/jobs/view/4469056493,"agrónomo @ Colombia | ingeniero agrónomo @ Colombia | agrícola @ Colombia | administrador agropecuario @ Colombia | asesor técnico comercial @ Colombia | representante técnico comercial @ Colombia | coordinador agronómico @ Colombia | extensionista @ Colombia | agroinsumos @ Colombia | fertilizantes @ Colombia | agrónomo @ Cesar, Colombia | agrícola @ Cesar, Colombia",2026-09-27 12:12
linkedin-4467662177,linkedin,Coordinador/Especialista de Producto - Experiencia en partes de motor línea agrícola,Chaneme Comercial,"Bogotá, Distrito Capital, Colombia",2026-09-21,,https://www.linkedin.com/jobs/view/4467662177,"agrónomo @ Colombia | ingeniero agrónomo @ Colombia | agrícola @ Colombia | administrador agropecuario @ Colombia | coordinador agronómico @ Colombia | coordinador de producción agrícola @ Colombia | agroinsumos @ Colombia | agrónomo @ Villavicencio, Meta, Colombia | agrícola @ Villavicencio, Meta, Colombia",2026-09-27 12:12
linkedin-4466137816,linkedin,Gerente de Nuevos Negocios (sector palmicultor),Empresa Confidencial,"Bogotá, Distrito Capital, Colombia",2026-09-25,,https://www.linkedin.com/jobs/view/4466137816,"agrónomo @ Colombia | agrícola @ Colombia | administrador agropecuario @ Colombia | jefe de producción agrícola @ Colombia | director agrícola @ Colombia | agroinsumos @ Colombia | fertilizantes @ Colombia | agrónomo @ Villavicencio, Meta, Colombia | agrícola @ Villavicencio, Meta, Colombia",2026-09-27 12:12
linkedin-4470493381,linkedin,Profesional de Abastecimiento Agrícola - Logística Nacional,Ingredion Incorporated,"Cali, Valle del Cauca, Colombia",2026-09-22,,https://www.linkedin.com/jobs/view/4470493381,agrónomo @ Colombia | ingeniero agrónomo @ Colombia | agrícola @ Colombia | administrador agropecuario @ Colombia | coordinador agronómico @ Colombia | coordinador de producción agrícola @ Colombia | agroinsumos @ Colombia | fertilizantes @ Colombia,2026-09-27 12:12
linkedin-4468588943,linkedin,"Coordinador/a de Rendición de Cuentas, Programas Tierras y Desarrollo Rural (CARM)",Mercy Corps Colombia,"Popayán, Cauca, Colombia",2026-09-22,,https://www.linkedin.com/jobs/view/4468588943,agrícola @ Colombia | administrador agropecuario @ Colombia | coordinador agronómico @ Colombia,2026-09-27 12:12
linkedin-4469911428,linkedin,Asesor Técnico Comercial,IQ MULTI CONSULTORES S.A.S,Área metropolitana de Medellín,2026-09-21,,https://www.linkedin.com/jobs/view/4469911428,asesor técnico comercial @ Colombia | representante técnico comercial @ Colombia,2026-09-27 12:12
linkedin-4472224115,linkedin,Especialista Técnico Comercial – Centelsa,ie Grupo,"Bogotá, Distrito Capital, Colombia",2026-09-26,,https://www.linkedin.com/jobs/view/4472224115,asesor técnico comercial @ Colombia | representante técnico comercial @ Colombia,2026-09-27 12:12
linkedin-4469739601,linkedin,Asesor Técnico Comercial,Sika,"Tocancipá, Cundinamarca, Colombia",2026-09-24,,https://www.linkedin.com/jobs/view/4469739601,asesor técnico comercial @ Colombia | representante técnico comercial @ Colombia,2026-09-27 12:12
kitempleo-91556427,kitempleo,Ingeniero Agrónomo de Campo (Bogotá),Manpower Group Colombia,Bogotá,18 sep,,https://www.kitempleo.com.co/empleo/91556427/ingeniero-agronomo-de-campo-bogota,ingeniero agronomo,2026-09-27 12:12
kitempleo-91433269,kitempleo,Ingeniero Agronomo cartagena (Cartagena de Indias),Adecco Colombia,Cartagena de Indias,17 sep,,https://www.kitempleo.com.co/empleo/91433269/ingeniero-agronomo-cartagena-cartagena-de-indias,ingeniero agronomo,2026-09-27 12:12
kitempleo-91179456,kitempleo,Ingeniero Agronomo Bogotá,Ofertasynegocios,Bogotá,14 sep,,https://www.kitempleo.com.co/empleo/91179456/ingeniero-agronomo-bogota,ingeniero agronomo,2026-09-27 12:12
kitempleo-91653858,kitempleo,Ingeniero agronomo Funza,Global,Funza,19 sep,,https://www.kitempleo.com.co/empleo/91653858/ingeniero-agronomo-funza,ingeniero agronomo,2026-09-27 12:12
kitempleo-91205676,kitempleo,INGENIERO/A AGRÓNOMO/A | PALMA DE ACEITE Y GESTIÓN DEOPERACIÓN | PLANTACIÓN (Meta),Acierta Headhunter,Meta,15 sep,,https://www.kitempleo.com.co/empleo/91205676/ingeniero-a-agronomo-a-palma-de-aceite-y-gestion-deoperacion-plantacion-meta,agronomo,2026-09-27 12:12
kitempleo-91417735,kitempleo,INGENIERO/A AGRÓNOMO/A | PALMA DE ACEITE Y GESTIÓN DE OPERACIÓN | PLANTACIÓN (Bogotá),Acierta Headhunter,Bogotá,17 sep,,https://www.kitempleo.com.co/empleo/91417735/ingeniero-a-agronomo-a-palma-de-aceite-y-gestion-de-operacion-plantacion-bogota,agronomo,2026-09-27 12:12
kitempleo-92310300,kitempleo,Administrador Agropecuario Cumaribo,PUNTA DE GARZAS INVERSIONES FORESTALES,Cumaribo,27 sep,,https://www.kitempleo.com.co/empleo/92310300/administrador-agropecuario-cumaribo,administrador agropecuario,2026-09-27 12:12
kitempleo-92115879,kitempleo,Administrador agropecuario (Colombia),Zorba Lácteos,Colombia,25 sep,,https://www.kitempleo.com.co/empleo/92115879/administrador-agropecuario-colombia,administrador agropecuario,2026-09-27 12:12
kitempleo-92241086,kitempleo,Administrador agropecuario (San Antonio Del Tequendama) (Colombia),Zorba Lácteos,Colombia,25 sep,,https://www.kitempleo.com.co/empleo/92241086/administrador-agropecuario-san-antonio-del-tequendama-colombia,administrador agropecuario,2026-09-27 12:12
kitempleo-92086161,kitempleo,Administrador De Finca Bananera Para Urabá Apartadó,Importante empresa del sector agricola,Apartadó,24 sep,,https://www.kitempleo.com.co/empleo/92086161/administrador-de-finca-bananera-para-uraba-apartado,administrador de finca,2026-09-27 12:12
kitempleo-91857882,kitempleo,administrador de finca ganadera con experiencia minimo 5 años (Aguachica),FUEL TRANSPORT GROUP,Aguachica,22 sep,,https://www.kitempleo.com.co/empleo/91857882/administrador-de-finca-ganadera-con-experiencia-minimo-5-anos-aguachica,administrador de finca,2026-09-27 12:12
kitempleo-91495393,kitempleo,Supervisor o lider Agrícola o Supervisor de cosecha o campo agricola (Palmira),Comfenalco Valle delagente,Palmira,18 sep,,https://www.kitempleo.com.co/empleo/91495393/supervisor-o-lider-agricola-o-supervisor-de-cosecha-o-campo-agricola-palmira,director agricola,2026-09-27 12:12
kitempleo-91140703,kitempleo,Director(a) de Agronomía (Usaquén),Petra Group,Usaquén,13 sep,,https://www.kitempleo.com.co/empleo/91140703/director-a-de-agronomia-usaquen,director agricola,2026-09-27 12:12
kitempleo-91261356,kitempleo,Director A De Agronomía Usaquén,Petra Group,Usaquén,15 sep,,https://www.kitempleo.com.co/empleo/91261356/director-a-de-agronomia-usaquen,director agricola,2026-09-27 12:12
kitempleo-91171269,kitempleo,Asesor Técnico Comercial Agrícola Santander De Quilichao,Empresa Agricola,Santander de Quilichao,14 sep,,https://www.kitempleo.com.co/empleo/91171269/asesor-tecnico-comercial-agricola-santander-de-quilichao,asesor tecnico comercial agricola,2026-09-27 12:12
kitempleo-91886326,kitempleo,ASESOR TÉCNICO COMERCIAL AGRÍCOLA (Santander de Quilichao),Empresa Agricola,Santander de Quilichao,22 sep,,https://www.kitempleo.com.co/empleo/91886326/asesor-tecnico-comercial-agricola-santander-de-quilichao,asesor tecnico comercial agricola,2026-09-27 12:12
kitempleo-91498175,kitempleo,Representante Técnico Comercial (Montería),Metta Consultores S.,Montería,18 sep,,https://www.kitempleo.com.co/empleo/91498175/representante-tecnico-comercial-monteria,representante tecnico comercial,2026-09-27 12:12
kitempleo-91539684,kitempleo,Representante Técnico Comercial (Montería) (Colombia),Metta Consultores S.,Colombia,17 sep,,https://www.kitempleo.com.co/empleo/91539684/representante-tecnico-comercial-monteria-colombia,representante tecnico comercial,2026-09-27 12:12
kitempleo-91498179,kitempleo,Representante técnico comercial – Agro (Bello),Seres integros,Bello,18 sep,,https://www.kitempleo.com.co/empleo/91498179/representante-tecnico-comercial-agro-bello,representante tecnico comercial,2026-09-27 12:12
kitempleo-92222559,kitempleo,"Gerente de Planta, Molinos de arroz (Villavicencio)",Importante Empresa Del Sector,Villavicencio,26 sep,,https://www.kitempleo.com.co/empleo/92222559/gerente-de-planta-molinos-de-arroz-villavicencio,arroz,2026-09-27 12:12
kitempleo-91444296,kitempleo,"Líder de Ventas Arroz - Tolima, Colombia (Barranquilla)",Adama Agricultural Solutions,Barranquilla,17 sep,,https://www.kitempleo.com.co/empleo/91444296/lider-de-ventas-arroz-tolima-colombia-barranquilla,arroz,2026-09-27 12:12
kitempleo-91453339,kitempleo,Líder de Ventas de Arroz - Tolima: Estrategia y Crecimiento (Barranquilla),Adama Agricultural Solutions,Barranquilla,17 sep,,https://www.kitempleo.com.co/empleo/91453339/lider-de-ventas-de-arroz-tolima-estrategia-y-crecimiento-barranquilla,arroz,2026-09-27 12:12
kitempleo-91944692,kitempleo,Asistente Logístico en Empresas Agroinsumos Villavicencio y sus alrededores,Importante empresa del sector agricola,Villavicencio,23 sep,,https://www.kitempleo.com.co/empleo/91944692/asistente-logistico-en-empresas-agroinsumos-villavicencio-y-sus-alrededores,agroinsumos,2026-09-27 12:12
kitempleo-91754313,kitempleo,Coordinador De Agroinsumos-Pozo Del Molle-Córdoba (Isla de Providencia),PM - Recursos Humanos,Isla de Providencia,20 sep,,https://www.kitempleo.com.co/empleo/91754313/coordinador-de-agroinsumos-pozo-del-molle-cordoba-isla-de-providencia,agroinsumos,2026-09-27 12:12
kitempleo-91767534,kitempleo,Coordinador De Agroinsumos-Pozo Del Molle-Córdoba (Isla de Providencia) (Colombia),PM - Recursos Humanos,Colombia,19 sep,,https://www.kitempleo.com.co/empleo/91767534/coordinador-de-agroinsumos-pozo-del-molle-cordoba-isla-de-providencia-colombia,agroinsumos,2026-09-27 12:12
kitempleo-92264491,kitempleo,Líder Comercial De Agroinsumos - Expansión Regional (Isla de Providencia),PM - Recursos Humanos,Isla de Providencia,26 sep,,https://www.kitempleo.com.co/empleo/92264491/lider-comercial-de-agroinsumos-expansion-regional-isla-de-providencia,agroinsumos,2026-09-27 12:12
kitempleo-91216606,kitempleo,Asesor Comercial Rural – Microcrédito En Campo (Casanare),Fundacion Amanecer,Casanare,14 sep,,https://www.kitempleo.com.co/empleo/91216606/asesor-comercial-rural-microcredito-en-campo-casanare,Casanare,2026-09-27 12:12
kitempleo-91397420,kitempleo,"Asesor/a Comercial Agropecuario - Oficina Villanueva, Casanare",Banco Agrario,Casanare,16 sep,,https://www.kitempleo.com.co/empleo/91397420/asesor-a-comercial-agropecuario-oficina-villanueva-casanare,Casanare,2026-09-27 12:12
kitempleo-91701972,kitempleo,Director Centro de Investigación Agropecuaria (Bogotá),Ofertasynegocios,Bogotá,19 sep,,https://www.kitempleo.com.co/empleo/91701972/director-centro-de-investigacion-agropecuaria-bogota,Agrosavia,2026-09-27 12:12
kitempleo-91267463,kitempleo,Tesistas De Doctorado Bogotá,Ofertasynegocios,Bogotá,15 sep,,https://www.kitempleo.com.co/empleo/91267463/tesistas-de-doctorado-bogota,Agrosavia,2026-09-27 12:12
elempleo-1886767908,elempleo,Asesor técnico comercial - pisos y acabados arquitectónicos,Pisosteka SAS,Bogotá,16 Sep 2026,"$1 a $1,5 millones",https://www.elempleo.com/co/ofertas-trabajo/asesor-tecnico-comercial-pisos-y-acabados-arquitectonicos-1886767908,trabajo-asesor-tecnico-comercial,2026-09-27 12:19
elempleo-1886771122,elempleo,Ejecutivo comercial (ferretería y agropecuario) - bogotá,SERO SAS,Bogotá,23 Sep 2026,"$3,5 a $4 millones",https://www.elempleo.com/co/ofertas-trabajo/ejecutivo-comercial-ferreteria-y-agropecuario-bogota-1886771122,trabajo-administrador-agropecuario,2026-09-27 13:04
computrabajo-540e8b67f07c4031,computrabajo,Representante Técnico Comercial Agrónomo San Alberto,DUCOL GROUP SAS,"Bucaramanga, Santander",Hace 2 horas,,https://co.computrabajo.com/ofertas-de-trabajo/oferta-de-trabajo-de-representante-tecnico-comercial-agronomo-san-alberto-en-bucaramanga-540E8B67F07C403161373E686DCF3405,trabajo-de-agronomo?pubdate=7 | trabajo-de-agronomo,2026-09-28 11:21
computrabajo-536ae06abfdd47cd,computrabajo,Administrador de Finca,CENTRO DE EMPLEO Y TALENTO COLSUBSIDIO,"Bogotá, D.C., Bogotá, D.C.",Hace 13 minutos,,https://co.computrabajo.com/ofertas-de-trabajo/oferta-de-trabajo-de-administrador-de-finca-en-bogota-dc-536AE06ABFDD47CD61373E686DCF3405,trabajo-de-administrador-de-finca?pubdate=7,2026-09-28 11:21
computrabajo-0768a3532575602e,computrabajo,Asesora Inmobiliaria oficina y Captador Inmobiliario,LA PALMA INMOBILIARIA S.A.S,"Medellín, Antioquia",Hace 3 horas,"$ 1.750.905,00 (Mensual)",https://co.computrabajo.com/ofertas-de-trabajo/oferta-de-trabajo-de-asesora-inmobiliaria-oficina-y-captador-inmobiliario-en-medellin-0768A3532575602E61373E686DCF3405,trabajo-de-palma?pubdate=7,2026-09-28 11:21
kitempleo-91333047,kitempleo,Analista de Comunicaciones y Contenido Digital (Paratebueno),CENIPALMA,Paratebueno,16 sep,,https://www.kitempleo.com.co/empleo/91333047/analista-de-comunicaciones-y-contenido-digital-paratebueno,Cenipalma,2026-09-28 11:21
